,Load_Case,Monitored_Value
0,1001,8.16125
1,1002,8.5462500000000001
2,1003,144.9732500000000002
3,1004,8.40225
4,1005,8.021
5,1006,8.15925
6,1007,8.79725
7,1008,9.925250000000002
8,1009,13.024000000000001
9,1010,8.297
10,1011,8.297
11,1012,8.347
12,1013,8.49125
13,1014,9.47775
14,1015,8.17025
15,1016,7.9645
16,1017,8.7555
17,1018,8.074

