,Load_Case,Monitored_Value
0,1001,10.16125
1,1002,-1.5462500000000001
2,1003,-0.9732500000000002
3,1004,12.40225
4,1005,-1.021
5,1006,4.15925
6,1007,12.79725
7,1008,11.925250000000002
8,1009,13.024000000000001
9,1010,9.297
10,1011,9.297
11,1012,1.347
12,1013,11.49125
13,1014,-11.47775
14,1015,2.17025
15,1016,9.9645
16,1017,2.7555
17,1018,2.074

